model,n,prevalence,threshold,accuracy,balanced_accuracy,precision,recall,f1,roc_auc,pr_auc,brier,ece
shortcut_only,5274,0.2068638604474782,0.1230188679245283,0.5633295411452408,0.5644838685149813,0.25245098039215685,0.5664527956003667,0.3492512009042102,0.5852018109177012,0.2544089725592237,0.16790270236960209,0.07551052259430271
behavioral_model,5274,0.2068638604474782,0.3437735849056604,0.8519150549867274,0.7362478041165706,0.6789838337182448,0.538955087076077,0.6009197751660704,0.8500532358617099,0.6704176406453735,0.11389146202558154,0.07274688675279375
behavioral_without_pagevalues,5274,0.2068638604474782,0.18679245283018867,0.6935912021236253,0.5951098823683572,0.31983527796842826,0.4271310724106325,0.36577708006279436,0.6885043626235386,0.3245405284820002,0.15923108916454648,0.0774624829474653
