model,n,prevalence,threshold,accuracy,balanced_accuracy,precision,recall,f1,roc_auc,pr_auc,brier,ece,intervention_feature,delta_pr_auc_vs_original,delta_recall_vs_original
shortcut_only_original,5274,0.2068638604474782,0.1230188679245283,0.5633295411452408,0.5644838685149813,0.25245098039215685,0.5664527956003667,0.3492512009042102,0.5852018109177012,0.2544089725592237,0.16790270236960209,0.07551052259430271,Month,0.0,0.0
shortcut_only_permute_Month,5274,0.2068638604474782,0.1230188679245283,0.5633295411452408,0.5644838685149813,0.25245098039215685,0.5664527956003667,0.3492512009042102,0.5852018109177012,0.2544089725592237,0.16790270236960209,0.0755105225943027,Month,0.0,0.0
shortcut_only_original,5274,0.2068638604474782,0.1230188679245283,0.5633295411452408,0.5644838685149813,0.25245098039215685,0.5664527956003667,0.3492512009042102,0.5852018109177012,0.2544089725592237,0.16790270236960209,0.07551052259430271,Browser,0.0,0.0
shortcut_only_permute_Browser,5274,0.2068638604474782,0.1230188679245283,0.5460750853242321,0.5651244737494283,0.25009589566551593,0.5976168652612283,0.3526230394808004,0.5844852796652156,0.254163902339808,0.1680136106437988,0.0755439188229927,Browser,-0.0002450702194156662,0.031164069660861604
